날짜,시,구,구코드,동,동코드,영문명,합계
2018,,종로구,,소계,,,"6,017"
2018,서울특별시,종로구,11010,사직동,1101053,Sajik-dong,309
2018,서울특별시,종로구,11010,삼청동,1101054,Samcheong-dong,118
2018,서울특별시,종로구,11010,부암동,1101055,Buam-dong,325
2018,서울특별시,종로구,11010,평창동,1101056,Pyeongchang-dong,542
2018,서울특별시,종로구,11010,무악동,1101057,Muak-dong,318
2018,서울특별시,종로구,11010,교남동,1101058,Gyonam-dong,354
2018,서울특별시,종로구,11010,가회동,1101060,Gahoe-dong,175
2018,,종로구,11010,종로1.2.3.4가동,1101061,Jongno 1·2·3·4(ilisamsa)-ga-dong,379
2018,서울특별시,종로구,11010,종로5·6가동,1101063,Jongno 5·6(oryuk)-ga-dong,266
2018,서울특별시,종로구,11010,이화동,1101064,Ihwa-dong,330
2018,서울특별시,종로구,11010,창신1동,1101067,Changsin 1(il)-dong,319
2018,서울특별시,종로구,11010,창신2동,1101068,Changsin 2(i)-dong,484
2018,서울특별시,종로구,11010,창신3동,1101069,Changsin 3(sam)-dong,318
2018,서울특별시,종로구,11010,숭인1동,1101070,Sungin 1(il)-dong,275
2018,서울특별시,종로구,11010,숭인2동,1101071,Sungin 2(i)-dong,433
2018,서울특별시,종로구,11010,청운효자동,1101072,Cheongunhyoja-dong,500
2018,서울특별시,종로구,11010,혜화동,1101073,Hyehwa-dong,571
2018,,종로구,,기타,,,1
2018,,중구,,소계,,,"5,638"
2018,서울특별시,중구,11020,소공동,1102052,Sogong-dong,31
2018,서울특별시,중구,11020,회현동,1102054,Hoehyeon-dong,329
2018,서울특별시,중구,11020,명동,1102055,Myeong-dong,126
2018,서울특별시,중구,11020,필동,1102057,Pil-dong,186
2018,서울특별시,중구,11020,장충동,1102058,Jangchung-dong,194
2018,서울특별시,중구,11020,광희동,1102059,Gwanghui-dong ,231
2018,서울특별시,중구,11020,을지로동,1102060,Euljiro-dong,88
2018,서울특별시,중구,11020,신당5동,1102065,Sindang 5(o)-dong,450
2018,서울특별시,중구,11020,황학동,1102067,Hwanghak-dong,514
2018,서울특별시,중구,11020,중림동,1102068,Jungnim-dong,531
2018,서울특별시,중구,11020,신당동,1102069,Sindang-dong,380
2018,서울특별시,중구,11020,다산동,1102070,Dasan-dong,633
2018,서울특별시,중구,11020,약수동,1102071,Yaksu-dong,875
2018,서울특별시,중구,11020,청구동,1102072,Cheonggu-dong,638
2018,서울특별시,중구,11020,동화동,1102073,Donghwa-dong,432
2018,,용산구,,소계,,,"8,102"
2018,서울특별시,용산구,11030,후암동,1103051,Huam-dong,807
2018,서울특별시,용산구,11030,용산2가동,1103052,Yongsan 2-ga-dong,488
2018,서울특별시,용산구,11030,남영동,1103053,Namyeong-dong,575
2018,서울특별시,용산구,11030,원효로2동,1103057,Wonhyoro 2(i)-dong,496
2018,서울특별시,용산구,11030,효창동,1103058,Hyochang-dong,307
2018,서울특별시,용산구,11030,용문동,1103059,Yongmun-dong,475
2018,서울특별시,용산구,11030,이촌1동,1103063,Ichon 1(il)-dong,538
2018,서울특별시,용산구,11030,이촌2동,1103064,Ichon 2(i)-dong,378
2018,서울특별시,용산구,11030,이태원1동,1103065,Itaewon 1(il)-dong,236
2018,서울특별시,용산구,11030,이태원2동,1103066,Itaewon 2(i)-dong,337
2018,서울특별시,용산구,11030,서빙고동,1103069,Seobinggo-dong,408
2018,서울특별시,용산구,11030,보광동,1103070,Bogwang-dong,626
2018,서울특별시,용산구,11030,청파동,1103071,Cheongpa-dong,824
2018,서울특별시,용산구,11030,원효로1동,1103072,Wonhyoro 1(il)-dong,444
2018,서울특별시,용산구,11030,한강로동,1103073,Hangangno-dong,519
2018,서울특별시,용산구,11030,한남동,1103074,Hannam-dong,644
2018,,성동구,,소계,,,"11,880"
2018,서울특별시,성동구,11040,왕십리2동,1104052,Wangsimni 2(i)-dong,678
2018,서울특별시,성동구,11040,마장동,1104054,Majang-dong,"1,096"
2018,서울특별시,성동구,11040,사근동,1104055,Sageun-dong,395
2018,서울특별시,성동구,11040,행당1동,1104056,Haengdang 1(il)-dong,638
2018,서울특별시,성동구,11040,행당2동,1104057,Haengdang 2(i)-dong,890
2018,서울특별시,성동구,11040,응봉동,1104058,Eungbong-dong,528
2018,서울특별시,성동구,11040,금호1가동,1104059,Geumho 1(il)-ga-dong,661
2018,서울특별시,성동구,11040,금호4가동,1104062,Geumho 4(sa)-ga-dong,521
2018,서울특별시,성동구,11040,성수1가1동,1104065,Seongsu 1(il)-ga1(il)-dong,617
2018,서울특별시,성동구,11040,성수1가2동,1104066,Seongsu 1(il)-ga2(i)-dong,578
2018,서울특별시,성동구,11040,성수2가1동,1104067,Seongsu 2(i)-ga1(il)-dong,840
2018,서울특별시,성동구,11040,성수2가3동,1104068,Seongsu 2(i)-ga 3(sam)-dong,448
2018,서울특별시,성동구,11040,송정동,1104069,Songjeong-dong,523
2018,서울특별시,성동구,11040,용답동,1104070,Yongdap-dong,793
2018,서울특별시,성동구,11040,왕십리도선동,1104071,WangsimniDoseon-dong,993
2018,,성동구,,금호2.3가동,,,955
2018,서울특별시,성동구,11040,옥수동,1104073,Oksu-dong,726
2018,,광진구,,소계,,,"12,610"
2018,서울특별시,광진구,11050,화양동,1105053,Hwayang-dong,549
2018,서울특별시,광진구,11050,군자동,1105054,Gunja-dong,790
2018,서울특별시,광진구,11050,중곡1동,1105055,Junggok 1(il)-dong,686
2018,서울특별시,광진구,11050,중곡2동,1105056,Junggok 2(i)-dong,884
2018,서울특별시,광진구,11050,중곡3동,1105057,Junggok 3(sam)-dong,775
2018,서울특별시,광진구,11050,중곡4동,1105058,Junggok 4(sa)-dong,"1,374"
2018,서울특별시,광진구,11050,능동,1105059,Neung-dong,366
2018,서울특별시,광진구,11050,구의1동,1105060,Guui 1(il)-dong,833
2018,서울특별시,광진구,11050,구의2동,1105061,Guui 2(i)-dong,"1,131"
2018,서울특별시,광진구,11050,구의3동,1105062,Guui 3(sam)-dong,818
2018,서울특별시,광진구,11050,광장동,1105063,Gwangjang-dong,731
2018,서울특별시,광진구,11050,자양1동,1105064,Jayang 1(il)-dong,902
2018,서울특별시,광진구,11050,자양2동,1105065,Jayang 2(i)-dong,975
2018,서울특별시,광진구,11050,자양3동,1105066,Jayang 3(sam)-dong,867
2018,서울특별시,광진구,11050,자양4동,1105067,Jayang 4(sa)-dong,929
2018,,동대문구,,소계,,,"15,838"
2018,서울특별시,동대문구,11060,회기동,1106071,Hoegi-dong,313
2018,서울특별시,동대문구,11060,휘경1동,1106072,Hwigyeong 1(il)-dong,601
2018,서울특별시,동대문구,11060,휘경2동,1106073,Hwigyeong 2(i)-dong,901
2018,서울특별시,동대문구,11060,청량리동,1106080,Cheongnyangni-dong,"1,374"
2018,서울특별시,동대문구,11060,용신동,1106081,Yongsin-dong,"1,442"
2018,서울특별시,동대문구,11060,제기동,1106082,Jegi-dong,"1,329"
2018,서울특별시,동대문구,11060,전농1동,1106083,Jeonnong 1(il)-dong,"1,526"
2018,서울특별시,동대문구,11060,전농2동,1106084,Jeonnong 2(i)-dong,891
2018,서울특별시,동대문구,11060,답십리1동,1106091,Dapsimni 1(il)-dong,"1,045"
2018,서울특별시,동대문구,11060,답십리2동,1106086,Dapsimni 2(i)-dong,"1,408"
2018,서울특별시,동대문구,11060,장안1동,1106087,Jangan 1(il)-dong,"1,653"
2018,서울특별시,동대문구,11060,장안2동,1106088,Jangan 2(i)-dong,"1,266"
2018,서울특별시,동대문구,11060,이문1동,1106089,Imun 1(il)-dong,"1,059"
2018,서울특별시,동대문구,11060,이문2동,1106090,Imun 2(i)-dong,"1,030"
2018,,중랑구,,소계,,,"20,153"
2018,서울특별시,중랑구,11070,면목2동,1107052,Myeonmok 2(i)-dong,"1,280"
2018,서울특별시,중랑구,11070,면목4동,1107054,Myeonmok 4(sa)-dong,"1,242"
2018,서울특별시,중랑구,11070,면목5동,1107055,Myeonmok 5(o)-dong,517
2018,서울특별시,중랑구,11070,면목7동,1107057,Myeonmok 7(chil)-dong,"1,053"
2018,서울특별시,중랑구,11070,상봉1동,1107059,Sangbong 1(il)-dong,"1,403"
2018,서울특별시,중랑구,11070,상봉2동,1107060,Sangbong 2(i)-dong,824
2018,서울특별시,중랑구,11070,중화1동,1107061,Junghwa 1(il)-dong,865
2018,서울특별시,중랑구,11070,중화2동,1107062,Junghwa 2(i)-dong,"1,596"
2018,서울특별시,중랑구,11070,묵1동,1107064,Muk 1(il)-dong,"1,427"
2018,서울특별시,중랑구,11070,묵2동,1107065,Muk 2(i)-dong,903
2018,서울특별시,중랑구,11070,망우3동,1107068,Mangu 3(sam)-dong,966
2018,서울특별시,중랑구,11070,신내1동,1107069,Sinnae 1(il)-dong,"1,909"
2018,서울특별시,중랑구,11070,신내2동,1107070,Sinnae 2(i)-dong,"1,447"
2018,서울특별시,중랑구,11070,면목본동,1107071,Myeonmokbon-dong,"1,730"
2018,,중랑구,,면목3.8동,,,"1,259"
2018,서울특별시,중랑구,11070,망우본동,1107073,Mangubon-dong,"1,732"
2018,,성북구,,소계,,,"17,415"
2018,서울특별시,성북구,11080,돈암1동,1108058,Donam 1(il)-dong,627
2018,서울특별시,성북구,11080,돈암2동,1108059,Donam 2(i)-dong,724
2018,서울특별시,성북구,11080,안암동,1108060,Anam-dong,575
2018,서울특별시,성북구,11080,보문동,1108061,Bomun-dong,621
2018,서울특별시,성북구,11080,정릉1동,1108062,Jeongneung 1(il)-dong,658
2018,서울특별시,성북구,11080,정릉2동,1108063,Jeongneung 2(i)-dong,973
2018,서울특별시,성북구,11080,정릉3동,1108064,Jeongneung 3(sam)-dong,758
2018,서울특별시,성북구,11080,정릉4동,1108065,Jeongneung 4(sa)-dong,"1,062"
2018,서울특별시,성북구,11080,길음1동,1108066,Gireum 1(il)-dong,"1,064"
2018,서울특별시,성북구,11080,길음2동,1108068,Gireum 2(i)-dong,443
2018,서울특별시,성북구,11080,월곡1동,1108071,Wolgok 1(il)-dong,"1,180"
2018,서울특별시,성북구,11080,월곡2동,1108072,Wolgok 2(i)-dong,935
2018,서울특별시,성북구,11080,장위1동,1108076,Jangwi 1(il)-dong,"1,064"
2018,서울특별시,성북구,11080,장위2동,1108077,Jangwi 2(i)-dong,752
2018,서울특별시,성북구,11080,장위3동,1108078,Jangwi 3(sam)-dong,580
2018,서울특별시,성북구,11080,성북동,1108081,Seongbuk-dong,587
2018,서울특별시,성북구,11080,삼선동,1108082,Samseon-dong,965
2018,서울특별시,성북구,11080,동선동,1108083,Dongseon-dong,575
2018,서울특별시,성북구,11080,종암동,1108084,Jongam-dong,"1,607"
2018,서울특별시,성북구,11080,석관동,1108085,Seokgwan-dong,"1,665"
2018,,강북구,,소계,,,"17,522"
2018,서울특별시,강북구,11090,번1동,1109060,Beon 1(il)-dong,973
2018,서울특별시,강북구,11090,번2동,1109061,Beon 2(i)-dong,"1,369"
2018,서울특별시,강북구,11090,번3동,1109062,Beon 3(sam)-dong,"2,019"
2018,서울특별시,강북구,11090,수유1동,1109063,Suyu 1(il)-dong,"1,281"
2018,서울특별시,강북구,11090,수유2동,1109064,Suyu 2(i)-dong,"1,112"
2018,서울특별시,강북구,11090,수유3동,1109065,Suyu 3(sam)-dong,"1,100"
2018,서울특별시,강북구,11090,삼양동,1109069,Samyang-dong,"1,419"
2018,서울특별시,강북구,11090,미아동,1109070,Mia-dong,"1,180"
2018,서울특별시,강북구,11090,송중동,1109071,Songjung-dong,"1,399"
2018,서울특별시,강북구,11090,송천동,1109072,Songcheon-dong,"1,564"
2018,서울특별시,강북구,11090,삼각산동,1109073,Samgaksan-dong,"1,269"
2018,서울특별시,강북구,11090,우이동,1109074,Ui-dong,"1,043"
2018,서울특별시,강북구,11090,인수동,1109075,Insu-dong,"1,794"
2018,,도봉구,,소계,,,"15,373"
2018,서울특별시,도봉구,11100,쌍문1동,1110051,Ssangmun 1(il)-dong,"1,096"
2018,서울특별시,도봉구,11100,쌍문2동,1110052,Ssangmun 2(i)-dong,947
2018,서울특별시,도봉구,11100,쌍문3동,1110053,Ssangmun 3(sam)-dong,814
2018,서울특별시,도봉구,11100,쌍문4동,1110054,Ssangmun 4(sa)-dong,704
2018,서울특별시,도봉구,11100,방학1동,1110055,Banghak 1(il)-dong,"1,449"
2018,서울특별시,도봉구,11100,방학2동,1110056,Banghak 2(i)-dong,"1,234"
2018,서울특별시,도봉구,11100,방학3동,1110057,Banghak 3(sam)-dong,"1,010"
2018,서울특별시,도봉구,11100,창1동,1110059,Chang 1(il)-dong,"1,046"
2018,서울특별시,도봉구,11100,창2동,1110060,Chang 2(i)-dong,"1,314"
2018,서울특별시,도봉구,11100,창3동,1110061,Chang 3(sam)-dong,793
2018,서울특별시,도봉구,11100,창4동,1110062,Chang 4(sa)-dong,"1,000"
2018,서울특별시,도봉구,11100,창5동,1110063,Chang 5(o)-dong,"1,002"
2018,서울특별시,도봉구,11100,도봉1동,1110064,Dobong 1(il)-dong,"1,477"
2018,서울특별시,도봉구,11100,도봉2동,1110065,Dobong 2(i)-dong,"1,487"
2018,,노원구,,소계,,,"27,396"
2018,서울특별시,노원구,11110,월계1동,1111051,Wolgye 1(il)-dong,"1,056"
2018,서울특별시,노원구,11110,월계2동,1111052,Wolgye 2(i)-dong,"2,298"
2018,서울특별시,노원구,11110,월계3동,1111053,Wolgye 3(sam)-dong,"1,958"
2018,서울특별시,노원구,11110,공릉2동,1111056,Gongneung 2(i)-dong,"1,353"
2018,서울특별시,노원구,11110,하계1동,1111058,Hagye 1(il)-dong,"2,117"
2018,서울특별시,노원구,11110,하계2동,1111059,Hagye 2(i)-dong,998
2018,서울특별시,노원구,11110,중계본동,1111060,Junggyebon-dong,881
2018,서울특별시,노원구,11110,중계1동,1111061,Junggye 1(il)-dong,778
2018,서울특별시,노원구,11110,중계4동,1111064,Junggye 4(sa)-dong,"1,554"
2018,서울특별시,노원구,11110,상계1동,1111065,Sanggye 1(il)-dong,"1,874"
2018,서울특별시,노원구,11110,상계2동,1111066,Sanggye 2(i)-dong,906
2018,서울특별시,노원구,11110,상계5동,1111069,Sanggye 5(o)-dong,"1,312"
2018,서울특별시,노원구,11110,상계8동,1111072,Sanggye 8(pal)-dong,708
2018,서울특별시,노원구,11110,상계9동,1111073,Sanggye 9(gu)-dong,753
2018,서울특별시,노원구,11110,상계10동,1111074,Sanggye 10(sip)-dong,516
2018,,노원구,,상계3.4동,,,"1,587"
2018,,노원구,,상계6.7동,,,"1,273"
2018,,노원구,,중계2.3동,,,"3,240"
2018,서울특별시,노원구,11110,공릉1동,1111079,Gongneung 1(il)-dong,"2,234"
2018,,은평구,,소계,,,"21,531"
2018,서울특별시,은평구,11120,녹번동,1112051,Nokbeon-dong,"1,528"
2018,서울특별시,은평구,11120,불광1동,1112052,Bulgwang 1(il)-dong,"1,682"
2018,서울특별시,은평구,11120,갈현1동,1112055,Galhyeon 1(il)-dong,"1,115"
2018,서울특별시,은평구,11120,갈현2동,1112056,Galhyeon 2(i)-dong,"1,208"
2018,서울특별시,은평구,11120,구산동,1112057,Gusan-dong,"2,301"
2018,서울특별시,은평구,11120,대조동,1112058,Daejo-dong,"1,439"
2018,서울특별시,은평구,11120,응암1동,1112059,Eungam 1(il)-dong,"1,155"
2018,서울특별시,은평구,11120,응암2동,1112060,Eungam 2(i)-dong,760
2018,서울특별시,은평구,11120,신사1동,1112065,Sinsa 1(il)-dong,"1,217"
2018,서울특별시,은평구,11120,신사2동,1112066,Sinsa 2(i)-dong,977
2018,서울특별시,은평구,11120,증산동,1112067,Jeungsan-dong,711
2018,서울특별시,은평구,11120,수색동,1112068,Susaek-dong,594
2018,서울특별시,은평구,11120,진관동,1112071,Jingwan-dong,"1,906"
2018,서울특별시,은평구,11120,불광2동,1112072,Bulgwang 2(i)-dong,"1,492"
2018,서울특별시,은평구,11120,응암3동,1112073,Eungam 3(sam)-dong,"1,336"
2018,서울특별시,은평구,11120,역촌동,1112074,Yeokchon-dong,"2,110"
2018,,서대문구,,소계,,,"12,610"
2018,서울특별시,서대문구,11130,천연동,1113052,Cheonyeon-dong,776
2018,서울특별시,서대문구,11130,홍제1동,1113062,Hongje 1(il)-dong,865
2018,서울특별시,서대문구,11130,홍제3동,1113064,Hongje 3(sam)-dong,825
2018,서울특별시,서대문구,11130,홍제2동,1113065,Hongje 2(i)-dong,648
2018,서울특별시,서대문구,11130,홍은1동,1113066,Hongeun 1(il)-dong,"1,099"
2018,서울특별시,서대문구,11130,홍은2동,1113068,Hongeun 2(i)-dong,"1,298"
2018,서울특별시,서대문구,11130,남가좌1동,1113069,Namgajwa 1(il)-dong,537
2018,서울특별시,서대문구,11130,남가좌2동,1113070,Namgajwa 2(i)-dong,"1,060"
2018,서울특별시,서대문구,11130,북가좌1동,1113071,Bukgajwa 1(il)-dong,709
2018,서울특별시,서대문구,11130,북가좌2동,1113072,Bukgajwa 2(i)-dong,"1,583"
2018,서울특별시,서대문구,11130,충현동,1113073,Chunghyeon-dong,725
2018,서울특별시,서대문구,11130,북아현동,1113074,Bugahyeon-dong,626
2018,서울특별시,서대문구,11130,신촌동,1113075,Sinchon-dong,482
2018,서울특별시,서대문구,11130,연희동,1113076,Yeonhui-dong,"1,377"
2018,,마포구,,소계,,,"13,219"
2018,서울특별시,마포구,11140,용강동,1114059,Yonggang-dong,622
2018,서울특별시,마포구,11140,대흥동,1114060,Daeheung-dong,431
2018,서울특별시,마포구,11140,염리동,1114061,Yeomni-dong,455
2018,서울특별시,마포구,11140,신수동,1114063,Sinsu-dong,683
2018,서울특별시,마포구,11140,서교동,1114066,Seogyo-dong,685
2018,서울특별시,마포구,11140,합정동,1114068,Hapjeong-dong,611
2018,서울특별시,마포구,11140,망원1동,1114069,Mangwon 1(il)-dong,854
2018,서울특별시,마포구,11140,망원2동,1114070,Mangwon 2(i)-dong,775
2018,서울특별시,마포구,11140,연남동,1114071,Yeonnam-dong,541
2018,서울특별시,마포구,11140,성산1동,1114072,Seongsan 1(il)-dong,712
2018,서울특별시,마포구,11140,성산2동,1114073,Seongsan 2(i)-dong,"2,027"
2018,서울특별시,마포구,11140,상암동,1114074,Sangam-dong,"1,188"
2018,서울특별시,마포구,11140,도화동,1114075,Dohwa-dong,770
2018,서울특별시,마포구,11140,서강동,1114076,Seogang-dong,681
2018,서울특별시,마포구,11140,공덕동,1114077,gongdeok-dong,"1,500"
2018,서울특별시,마포구,11140,아현동,1114078,Ahyeon-dong,684
2018,,양천구,,소계,,,"17,350"
2018,서울특별시,양천구,11150,목1동,1115051,Mok 1(il)-dong,668
2018,서울특별시,양천구,11150,목2동,1115052,Mok 2(i)-dong,"1,043"
2018,서울특별시,양천구,11150,목3동,1115053,Mok 3(sam)-dong,866
2018,서울특별시,양천구,11150,목4동,1115054,Mok 4(sa)-dong,875
2018,서울특별시,양천구,11150,신월1동,1115057,Sinwol 1(il)-dong,"1,215"
2018,서울특별시,양천구,11150,신월2동,1115058,Sinwol 2(i)-dong,"1,039"
2018,서울특별시,양천구,11150,신월3동,1115059,Sinwol 3(sam)-dong,948
2018,서울특별시,양천구,11150,신월4동,1115060,Sinwol 4(sa)-dong,906
2018,서울특별시,양천구,11150,신월5동,1115061,Sinwol 5(o)-dong,736
2018,서울특별시,양천구,11150,신월6동,1115062,Sinwol 6(yuk)-dong,254
2018,서울특별시,양천구,11150,신월7동,1115063,Sinwol 7(chil)-dong,"1,165"
2018,서울특별시,양천구,11150,신정1동,1115064,Sinjeong 1(il)-dong,577
2018,서울특별시,양천구,11150,신정2동,1115065,Sinjeong 2(i)-dong,728
2018,서울특별시,양천구,11150,신정3동,1115066,Sinjeong 3(sam)-dong,"2,111"
2018,서울특별시,양천구,11150,신정6동,1115069,Sinjeong 6(yuk)-dong,470
2018,서울특별시,양천구,11150,신정7동,1115070,Sinjeong 7(chil)-dong,"1,390"
2018,서울특별시,양천구,11150,목5동,1115071,Mok 5(o)-dong,743
2018,서울특별시,양천구,11150,신정4동,1115072,Sinjeong 4(sa)-dong,"1,616"
2018,,강서구,,소계,,,"28,810"
2018,서울특별시,강서구,11160,염창동,1116051,Yeomchang-dong,"1,070"
2018,서울특별시,강서구,11160,등촌1동,1116052,Deungchon 1(il)-dong,733
2018,서울특별시,강서구,11160,등촌2동,1116053,Deungchon 2(i)-dong,723
2018,서울특별시,강서구,11160,등촌3동,1116054,Deungchon 3(sam)-dong,"3,901"
2018,서울특별시,강서구,11160,화곡본동,1116055,Hwagokbon-dong,"1,439"
2018,서울특별시,강서구,11160,화곡2동,1116057,Hwagok 2(i)-dong,780
2018,서울특별시,강서구,11160,화곡3동,1116058,Hwagok 3(sam)-dong,839
2018,서울특별시,강서구,11160,화곡4동,1116059,Hwagok 4(sa)-dong,954
2018,서울특별시,강서구,11160,화곡6동,1116061,Hwagok 6(yuk)-dong,978
2018,서울특별시,강서구,11160,화곡8동,1116063,Hwagok 8(pal)-dong,"1,075"
2018,서울특별시,강서구,11160,가양1동,1116064,Gayang 1(il)-dong,818
2018,서울특별시,강서구,11160,가양2동,1116065,Gayang 2(i)-dong,"2,462"
2018,서울특별시,강서구,11160,가양3동,1116066,Gayang 3(sam)-dong,"1,669"
2018,서울특별시,강서구,11160,발산1동,1116067,Balsan 1(il)-dong,"1,468"
2018,서울특별시,강서구,11160,공항동,1116069,Gonghang-dong,"1,094"
2018,서울특별시,강서구,11160,방화1동,1116070,Banghwa 1(il)-dong,"1,787"
2018,서울특별시,강서구,11160,방화2동,1116071,Banghwa 2(i)-dong,"1,614"
2018,서울특별시,강서구,11160,방화3동,1116072,Banghwa 3(sam)-dong,"1,999"
2018,서울특별시,강서구,11160,화곡1동,1116073,Hwagok 1(il)-dong,"2,113"
2018,서울특별시,강서구,11160,우장산동,1116074,Ujangsan-dong,"1,294"
2018,,구로구,,소계,,,"17,603"
2018,서울특별시,구로구,11170,신도림동,1117051,Sindorim-dong,947
2018,서울특별시,구로구,11170,구로1동,1117052,Guro 1(il)-dong,529
2018,서울특별시,구로구,11170,구로3동,1117054,Guro 3(sam)-dong,905
2018,서울특별시,구로구,11170,구로4동,1117055,Guro 4(sa)-dong,"1,189"
2018,서울특별시,구로구,11170,구로5동,1117056,Guro 5(o)-dong,"1,104"
2018,서울특별시,구로구,11170,고척1동,1117061,Gocheok 1(il)-dong,"1,116"
2018,서울특별시,구로구,11170,고척2동,1117062,Gocheok 2(i)-dong,"1,300"
2018,서울특별시,구로구,11170,개봉2동,1117064,Gaebong 2(i)-dong,"1,436"
2018,서울특별시,구로구,11170,개봉3동,1117065,Gaebong 3(sam)-dong,979
2018,서울특별시,구로구,11170,오류1동,1117067,Oryu 1(il)-dong,"1,075"
2018,서울특별시,구로구,11170,오류2동,1117068,Oryu 2(i)-dong,"2,120"
2018,서울특별시,구로구,11170,수궁동,1117069,Sugung-dong,"1,241"
2018,서울특별시,구로구,11170,가리봉동,1117070,Garibong-dong,583
2018,서울특별시,구로구,11170,구로2동,1117071,Guro 2(i)-dong,"1,453"
2018,서울특별시,구로구,11170,개봉1동,1117072,Gaebong 1(il)-dong,"1,626"
2018,,금천구,,소계,,,"11,197"
2018,서울특별시,금천구,11180,가산동,1118051,Gasan-dong,732
2018,서울특별시,금천구,11180,독산1동,1118052,Doksan 1(il)-dong,"1,926"
2018,서울특별시,금천구,11180,독산2동,1118053,Doksan 2(i)-dong,958
2018,서울특별시,금천구,11180,독산3동,1118054,Doksan 3(sam)-dong,"1,205"
2018,서울특별시,금천구,11180,독산4동,1118055,Doksan 4(sa)-dong,796
2018,서울특별시,금천구,11180,시흥1동,1118057,Siheung 1(il)-dong,"1,665"
2018,서울특별시,금천구,11180,시흥2동,1118058,Siheung 2(i)-dong,"1,127"
2018,서울특별시,금천구,11180,시흥3동,1118059,Siheung 3(sam)-dong,541
2018,서울특별시,금천구,11180,시흥4동,1118060,Siheung 4(sa)-dong,"1,065"
2018,서울특별시,금천구,11180,시흥5동,1118061,Siheung 5(o)-dong,"1,182"
2018,,영등포구,,소계,,,"14,405"
2018,서울특별시,영등포구,11190,여의동,1119054,Yeoui-dong,768
2018,서울특별시,영등포구,11190,당산1동,1119055,Dangsan 1(il)-dong,805
2018,서울특별시,영등포구,11190,당산2동,1119056,Dangsan  2(i)-dong,929
2018,서울특별시,영등포구,11190,양평1동,1119061,Yangpyeong 1(il)-dong,734
2018,서울특별시,영등포구,11190,양평2동,1119062,Yangpyeong 2(i)-dong,636
2018,서울특별시,영등포구,11190,신길1동,1119063,Singil 1(il)-dong,816
2018,서울특별시,영등포구,11190,신길3동,1119065,Singil 3(sam)-dong,797
2018,서울특별시,영등포구,11190,신길4동,1119066,Singil 4(sa)-dong,533
2018,서울특별시,영등포구,11190,신길5동,1119067,Singil 5(o)-dong,554
2018,서울특별시,영등포구,11190,신길6동,1119068,Singil 6(yuk)-dong,782
2018,서울특별시,영등포구,11190,신길7동,1119069,Singil 7(chil)-dong,492
2018,서울특별시,영등포구,11190,대림1동,1119070,Daerim 1(il)-dong,760
2018,서울특별시,영등포구,11190,대림2동,1119071,Daerim 2(i)-dong,709
2018,서울특별시,영등포구,11190,대림3동,1119072,Daerim 3(sam)-dong,"1,132"
2018,서울특별시,영등포구,11190,영등포본동,1119073,Yeongdeungpobon-dong,"1,058"
2018,서울특별시,영등포구,11190,영등포동,1119074,Yeongdeungpo-dong,"1,068"
2018,서울특별시,영등포구,11190,도림동,1119075,Dorim-dong,908
2018,서울특별시,영등포구,11190,문래동,1119076,Mullae-dong,923
2018,,영등포구,,기타,,,1
2018,,동작구,,소계,,,"14,691"
2018,서울특별시,동작구,11200,노량진2동,1120052,Noryangjin 2(i)-dong,666
2018,서울특별시,동작구,11200,상도1동,1120053,Sangdo 1(il)-dong,"1,556"
2018,서울특별시,동작구,11200,상도2동,1120054,Sangdo 2(i)-dong,951
2018,서울특별시,동작구,11200,상도3동,1120055,Sangdo 3(sam)-dong,"1,138"
2018,서울특별시,동작구,11200,상도4동,1120056,Sangdo 4(sa)-dong,"1,306"
2018,서울특별시,동작구,11200,사당1동,1120063,Sadang 1(il)-dong,797
2018,서울특별시,동작구,11200,사당3동,1120065,Sadang 3(sam)-dong,815
2018,서울특별시,동작구,11200,사당4동,1120066,Sadang 4(sa)-dong,560
2018,서울특별시,동작구,11200,사당5동,1120067,Sadang 5(o)-dong,503
2018,서울특별시,동작구,11200,대방동,1120068,Daebang-dong,"1,605"
2018,서울특별시,동작구,11200,신대방1동,1120069,Sindaebang 1(il)-dong,820
2018,서울특별시,동작구,11200,신대방2동,1120070,Sindaebang 2(i)-dong,720
2018,서울특별시,동작구,11200,흑석동,1120071,Heukseok-dong,"1,098"
2018,서울특별시,동작구,11200,노량진1동,1120072,Noryangjin 1(il)-dong,"1,263"
2018,서울특별시,동작구,11200,사당2동,1120073,Sadang 2(i)-dong,893
2018,,관악구,,소계,,,"20,264"
2018,서울특별시,관악구,11210,보라매동,1121052,Boramae-dong,"1,108"
2018,서울특별시,관악구,11210,청림동,1121054,Cheongnim-dong,679
2018,서울특별시,관악구,11210,행운동,1121057,Haengun-dong,"1,097"
2018,서울특별시,관악구,11210,낙성대동,1121058,Nagseongdae-dong,475
2018,서울특별시,관악구,11210,중앙동,1121061,Jungang-dong,597
2018,서울특별시,관악구,11210,인헌동,1121062,Inheon-dong,901
2018,서울특별시,관악구,11210,남현동,1121063,Namhyeon-dong,566
2018,서울특별시,관악구,11210,서원동,1121064,Sewon-dong,847
2018,서울특별시,관악구,11210,신원동,1121065,Sinwon-dong,831
2018,서울특별시,관악구,11210,서림동,1121066,Serim-dong,869
2018,서울특별시,관악구,11210,신사동,1121068,Sinsa-dong,904
2018,서울특별시,관악구,11230,신사동,1123051,Sinsa-dong,904
2018,서울특별시,관악구,11210,신림동,1121069,Sillim-dong,541
2018,서울특별시,관악구,11210,난향동,1121071,Nanhyang-dong,710
2018,서울특별시,관악구,11210,조원동,1121072,Jowon-dong,736
2018,서울특별시,관악구,11210,대학동,1121073,Daehak-dong,717
2018,서울특별시,관악구,11210,은천동,1121078,Euncheon-dong,"1,719"
2018,서울특별시,관악구,11210,성현동,1121079,Seonghyeon-dong,"1,525"
2018,서울특별시,관악구,11210,청룡동,1121080,Cheongnyong-dong,921
2018,서울특별시,관악구,11210,난곡동,1121081,Nangok-dong,"1,588"
2018,서울특별시,관악구,11210,삼성동,1121082,Samseong-dong,"1,528"
2018,서울특별시,관악구,11210,미성동,1121083,Miseong-dong,"1,405"
2018,,서초구,,소계,,,"10,581"
2018,서울특별시,서초구,11220,서초1동,1122051,Seocho 1(il)-dong,472
2018,서울특별시,서초구,11220,서초2동,1122052,Seocho 2(i)-dong,298
2018,서울특별시,서초구,11220,서초3동,1122053,Seocho 3(sam)-dong,699
2018,서울특별시,서초구,11220,서초4동,1122054,Seocho 4(sa)-dong,453
2018,서울특별시,서초구,11220,잠원동,1122055,Jamwon-dong,609
2018,서울특별시,서초구,11220,반포본동,1122056,Banpobon-dong,200
2018,서울특별시,서초구,11220,반포1동,1122057,Banpo 1(il)-dong,532
2018,서울특별시,서초구,11220,반포2동,1122058,Banpo 2(i)-dong,254
2018,서울특별시,서초구,11220,반포3동,1122059,Banpo 3(sam)-dong,326
2018,서울특별시,서초구,11220,반포4동,1122060,Banpo 4(sa)-dong,364
2018,서울특별시,서초구,11220,방배본동,1122061,Bangbaebon-dong,469
2018,서울특별시,서초구,11220,방배1동,1122062,Bangbae 1(il)-dong,464
2018,서울특별시,서초구,11220,방배2동,1122063,Bangbae 2(i)-dong,756
2018,서울특별시,서초구,11220,방배3동,1122064,Bangbae 3(sam)-dong,603
2018,서울특별시,서초구,11220,방배4동,1122065,Bangbae 4(sa)-dong,616
2018,서울특별시,서초구,11220,양재1동,1122066,Yangjae 1(il)-dong,"1,940"
2018,서울특별시,서초구,11220,양재2동,1122067,Yangjae 2(i)-dong,674
2018,서울특별시,서초구,11220,내곡동,1122068,Naegok-dong,852
2018,,강남구,,소계,,,"15,327"
2018,서울특별시,강남구,11210,신사동,1121068,Sinsa-dong,407
2018,서울특별시,강남구,11230,신사동,1123051,Sinsa-dong,407
2018,서울특별시,강남구,11230,논현1동,1123052,Nonhyeon 1(il)-dong,610
2018,서울특별시,강남구,11230,논현2동,1123053,Nonhyeon 2(i)-dong,523
2018,서울특별시,강남구,11230,삼성1동,1123058,Samseong 1(il)-dong,292
2018,서울특별시,강남구,11230,삼성2동,1123059,Samseong 2(i)-dong,556
2018,서울특별시,강남구,11230,대치1동,1123060,Daechi 1(il)-dong,274
2018,서울특별시,강남구,11230,대치4동,1123063,Daechi 4(sa)-dong,372
2018,서울특별시,강남구,11230,역삼1동,1123064,Yeoksam 1(il)-dong,777
2018,서울특별시,강남구,11230,역삼2동,1123065,Yeoksam 2(i)-dong,662
2018,서울특별시,강남구,11230,도곡1동,1123066,Dogok 1(il)-dong,440
2018,서울특별시,강남구,11230,도곡2동,1123067,Dogok 2(i)-dong,479
2018,서울특별시,강남구,11230,개포1동,1123068,Gaepo 1(il)-dong,267
2018,서울특별시,강남구,11230,개포4동,1123071,Gaepo 4(sa)-dong,520
2018,서울특별시,강남구,11230,일원본동,1123072,Irwonbon-dong,722
2018,서울특별시,강남구,11230,일원1동,1123073,Irwon 1(il)-dong,"1,093"
2018,서울특별시,강남구,11230,일원2동,1123074,Irwon 2(i)-dong,"1,173"
2018,서울특별시,강남구,11230,수서동,1123075,Suseo-dong,"2,174"
2018,서울특별시,강남구,11230,세곡동,1123076,Segok-dong,"1,988"
2018,서울특별시,강남구,11230,압구정동,1123077,Apgujeong-dong,479
2018,서울특별시,강남구,11230,청담동,1123078,Cheongdam-dong,565
2018,서울특별시,강남구,11230,대치2동,1123079,Daechi 2(i)-dong,641
2018,서울특별시,강남구,11230,개포2동,1123080,Gaepo 2(i)-dong,312
2018,,강남구,,기타,,,1
2018,,송파구,,소계,,,"20,008"
2018,서울특별시,송파구,11240,풍납1동,1124051,Pungnap 1(il)-dong,697
2018,서울특별시,송파구,11240,풍납2동,1124052,Pungnap 2(i)-dong,811
2018,서울특별시,송파구,11240,거여1동,1124053,Geoyeo 1(il)-dong,610
2018,서울특별시,송파구,11240,거여2동,1124054,Geoyeo 2(i)-dong,941
2018,서울특별시,송파구,11240,마천1동,1124055,Macheon 1(il)-dong,"1,228"
2018,서울특별시,송파구,11240,마천2동,1124056,Macheon 2(i)-dong,"1,216"
2018,서울특별시,송파구,11240,방이1동,1124057,Bangi 1(il)-dong,431
2018,서울특별시,송파구,11240,방이2동,1124058,Bangi 2(i)-dong,795
2018,서울특별시,송파구,11240,오륜동,1124059,Oryun-dong,310
2018,서울특별시,송파구,11240,오금동,1124060,Ogeum-dong,"1,415"
2018,서울특별시,송파구,11240,송파1동,1124061,Songpa 1(il)-dong,687
2018,서울특별시,송파구,11240,송파2동,1124062,Songpa 2(i)-dong,518
2018,서울특별시,송파구,11240,석촌동,1124063,Seokchon-dong,"1,058"
2018,서울특별시,송파구,11240,삼전동,1124064,Samjeon-dong,969
2018,서울특별시,송파구,11240,가락본동,1124065,Garakbon-dong,746
2018,서울특별시,송파구,11240,가락1동,1124066,Garak 1(il)-dong,14
2018,서울특별시,송파구,11240,가락2동,1124067,Garak 2(i)-dong,926
2018,서울특별시,송파구,11240,문정1동,1124068,Munjeong 1(il)-dong,598
2018,서울특별시,송파구,11240,문정2동,1124069,Munjeong 2(i)-dong,525
2018,서울특별시,송파구,11240,장지동,1124081,Jangji-dong,"1,489"
2018,서울특별시,송파구,11240,위례동,1124082,wirye-dong,752
2018,서울특별시,송파구,11240,잠실본동,1124071,Jamsilbon-dong,842
2018,서울특별시,송파구,11240,잠실4동,1124075,Jamsil 4(sa)-dong,597
2018,서울특별시,송파구,11240,잠실6동,1124077,Jamsil 6(yuk)-dong,357
2018,서울특별시,송파구,11240,잠실7동,1124078,Jamsil 7(chil)-dong,200
2018,서울특별시,송파구,11240,잠실2동,1124079,Jamsil 2(i)-dong,564
2018,서울특별시,송파구,11240,잠실3동,1124080,Jamsil 3(sam)-dong,712
2018,,강동구,,소계,,,"17,380"
2018,서울특별시,강동구,11250,강일동,1125051,Gangil-dong,"1,493"
2018,서울특별시,강동구,11250,상일동,1125052,Sangil-dong,485
2018,서울특별시,강동구,11250,명일1동,1125053,Myeongil 1(il)-dong,779
2018,서울특별시,강동구,11250,명일2동,1125054,Myeongil 2(i)-dong,468
2018,서울특별시,강동구,11250,고덕1동,1125055,Godeok 1(il)-dong,773
2018,서울특별시,강동구,11250,고덕2동,1125056,Godeok 2(i)-dong,551
2018,서울특별시,강동구,11250,암사2동,1125058,Amsa 2(i)-dong,480
2018,서울특별시,강동구,11250,암사3동,1125059,Amsa 3(sam)-dong,556
2018,서울특별시,강동구,11250,천호1동,1125061,Cheonho 1(il)-dong,"1,414"
2018,서울특별시,강동구,11250,천호3동,1125063,Cheonho 3(sam)-dong,"1,337"
2018,서울특별시,강동구,11250,성내1동,1125065,Seongnae 1(il)-dong,652
2018,서울특별시,강동구,11250,성내2동,1125066,Seongnae 2(i)-dong,"1,120"
2018,서울특별시,강동구,11250,성내3동,1125067,Seongnae 3(sam)-dong,876
2018,서울특별시,강동구,11250,둔촌1동,1125070,Dunchon 1(il)-dong,7
2018,서울특별시,강동구,11250,둔촌2동,1125071,Dunchon 2(i)-dong,956
2018,서울특별시,강동구,11250,암사1동,1125072,Amsa 1(il)-dong,"1,661"
2018,서울특별시,강동구,11250,천호2동,1125073,Cheonho 2(i)-dong,"1,807"
2018,서울특별시,강동구,11250,길동,1125074,Gil-dong,"1,965"
